job_title,company_name,location
توسعه دهنده پایتون (Python Software Engineer-AI Team),رهند هوشمند نوین داده | Rahand Hoshmand Novin Dadeh,تهران، تهران
برنامه‌نویس پایتون (Python/Django-اصفهان),دانش بنیان مهندسی ارتباطی پیام پرداز | Payam Pardaz,اصفهان، اصفهان
برنامه‌نویس Python,همیان | Hamyan,تهران، تهران
طراح صنعتی(فلاسک-مشهد-دورکاری),استودیو کوروش | Cyrus Studio,خراسان رضوی، مشهد
برنامه‌نویس ارشد پایتون,نت‌بان شریف | NetBaan Sharif,تهران، تهران
توسعه‌دهنده بک‌اند (Python-Django-کرج),میزگرد | Mizegerd,البرز، کرج
Python Developer,آرتا رای انرژی | Arta Ray Energy,تهران، تهران
Python Developer,گروه مالی هامرز | Hummers Group,تهران، تهران
برنامه‌نویس (Python / Django),فناوری اطلاعات رسپینا رادین | Respina Radyn IT Co,تهران، تهران
برنامه‌نویس ارشد پایتون (دورکاری),پایا | RCP,تهران، تهران
توسعه‌دهنده بک‌اند (Java-Backend Developer),دانش رفاه پردیس | Danesh Refah Pardis,تهران، تهران
برنامه‌نویس (Back-End (python,راهبردهای خلاق آرمان | Arman Solutions,تهران، تهران
برنامه‌نویس Back-End) Python),پارس پویش فن آور | Pars Pooyesh Fanavar,تهران، تهران
توسعه‌دهنده وب,آسام | Asam,تهران، تهران
توسعه‌دهنده NET.,داتکس | Datx Soft,تهران، تهران
توسعه‌دهنده جاوا,ایلیا ابرپرداز | ILIYA,تهران، تهران
توسعه‌دهنده Unity,میکی استودیو | micki studio,تهران، تهران
توسعه‌دهنده وردپرس,موسسه آلفا | Alphaschool,تهران، تهران
توسعه‌دهنده Flutter,رسادنت | Rasadent,تهران، تهران
توسعه‌دهنده هوش مصنوعی (AI Developer-قم),رسا سامانه افق | Rasa Samane Ofogh,قم، قم
توسعه‌دهنده Unity (مشهد),منشور فناوری | IFTPRISM,خراسان رضوی، مشهد
توسعه دهنده C++/QT,دانش بنیان فناوری های پیشرو مقداد | Meghdad,تهران، تهران
توسعه دهنده ارشد وردپرس,گالری ایران زمین | Iranzamin Gallery,تهران، تهران
توسعه‌دهنده وردپرس (Wordpress),تهران سایت  | Tehran Site,تهران، تهران
توسعه‌دهنده Back-End,هلدينگ سرور ايمن پارس | Server Imen Pars,تهران، تهران
برنامه‌نویس Back-end (آقا-Python/Django),مبین صدرا | Mobin Sadra,تهران، تهران
Senior Python Developer (FastAPI-ساری),درنیکا | DORNICA,مازندران، ساری
(Senior Back-End Developer (Python,یاپل کام | Yaplle Com,تهران، تهران
توسعه‌دهنده وردپرس (Wordpress-قزوین),ایمن افزار وایا | Vaya Co,قزوین، قزوین
توسعه‌دهنده و طراح وردپرس (Wordpress),چاپ بهشت | Beheshtprinting,تهران، تهران
توسعه‌دهنده پایگاه داده (آقا-مشهد),داتین | Dotin,خراسان رضوی، مشهد
توسعه دهنده (Android (mid-level,مبین تدبیر شریف | Mobin Tadbir Sharif,تهران، تهران
توسعه‌دهنده Front-End (React.js),دانش آتیه معماری و ساخت | Domus,تهران، تهران
توسعه‌دهنده و طراح وردپرس (Wordpress),پارمیس | Parmis IT,تهران، تهران
توسعه‌دهندهٔ ارشد بک‌اند (Django),دانش بنیان ایساتیس دانش، تولید، تجهیز | ISPE,تهران، تهران
توسعه‌دهنده (Front-End (React,هلدینگ فناوری و نوآوری آراد | Arad Technology and Innovation Holding,تهران، تهران
توسعه دهنده وب Net. (مشهد),گروه فناوری آمیتیس |  Amitis technology group,خراسان رضوی، مشهد
توسعه دهنده پایگاه داده (آقا-قم),بنیاد الهادی | Alhadi,قم، قم
توسعه‌‌دهنده نرم افزار اندروید,نوآوران بوم گستر امید ( امیدبوم ) | Omid Boom,تهران، تهران
(بابلسر-Senior Back-End Developer (Python,داده‌نگار اقتصاد | DadeNegar Eghtesad,مازندران، بابلسر
تحلیلگر و توسعه دهنده (بستر Application Builder),توسعه زیرساختهای فناوری اطلاعات سیگما | Sigma ITID,تهران، تهران
توسعه‌دهنده و پشتیبان فنی سایت  (وردپرس),چرتکه | Chortkeh,تهران، تهران
توسعه‌دهنده AI (Vibe Coder-رشت),امین اچ | AminH,گیلان، رشت
توسعه‌دهنده کسب و کار (آقا-مشهد),نرم افزاری آموت | Amoot Software,خراسان رضوی، مشهد
توسعه دهنده ارشد وبسایت (وردپرس-خانم),هلدینگ مهاجر  | Holding Mohajer,تهران، تهران
توسعه‌دهنده و پشتیبان فنی سایت (وردپرس),تور تکنو | Tortechno,تهران، تهران
توسعه‌دهنده ارشد AI-Native (دورکاری),گپلی | Gaply,تهران، تهران
توسعه‌دهنده (React/Next.js) Front-End,فناوران متحد | United Technologists,تهران، تهران
توسعه‌دهنده Frontend (مسلط به React.js- Next.js),هلدينگ سرور ايمن پارس | Server Imen Pars,تهران، تهران
برنامه‌نویس ارشد جاوا (Senior Java Developer),ریتون | Riton,تهران، تهران
برنامه‌نویس ارشد جاوا (Java Developer-مشهد),داتین | Dotin,خراسان رضوی، مشهد
توسعه‌دهنده و پشتیبان فنی سایت (وردپرس-کرج),بهین تک گستر | Behin Tech Gostar Co,البرز، کرج
توسعه‌دهنده ارشد جاوا (Java-Spring Boot),مدرن آتی پرداز آرکا | ماپرا | Mupra,تهران، تهران
برنامه‌نویس وب,نرم افزاری انعکاس ناب ایده (انیکو) | Enico,تهران، تهران
برنامه‌نویس دلفی,راهکار طب آزما | Lab Solutions,تهران، تهران
برنامه‌نویس وب,آوا عدل آرا | Ava adl Ara,تهران، تهران
برنامه‌نویس WPF,فناوری پردازش نوین اطلاعات خوارزمی(فپنا) | kharazmi modern information processing technology,تهران، تهران
برنامه‌نویس FPGA,هادی الکترونیک | Hadi Electronic,تهران، تهران
برنامه‌نویس Java,توسعه سرمایه پیشگامان پویا | Bmicc,تهران، تهران
برنامه‌نویس React,نوآوران سلامت گستر شریف | Noavaran Sharif,تهران، تهران
